model,epoch,shallow_water,com_ns,incom_ns,incom_ns_arena,cfdbench,incom_ns_arena_u
bcat,0,4.967,3.910,51.433,42.777,9.611,38.000
bcat,1,3.416,4.021,48.753,43.667,6.485,37.391
bcat,2,3.176,3.853,43.217,41.006,6.743,35.106
bcat,3,2.676,3.901,37.559,38.509,5.271,33.674
bcat,4,2.576,4.149,37.367,41.154,4.831,30.247
bcat,5,2.822,4.071,26.785,36.237,3.430,28.211
bcat,6,1.955,4.016,28.860,35.378,6.028,27.778
bcat,7,1.435,3.859,33.336,33.093,3.775,23.012
bcat,8,2.089,3.796,19.905,29.675,3.582,20.634
bcat,9,1.692,3.862,22.058,27.108,4.145,21.712
bcat,10,1.224,3.940,28.533,31.673,3.192,16.950
bcat,11,1.344,3.880,15.137,22.782,2.179,14.765
bcat,12,1.162,3.690,15.684,20.273,4.450,16.545
bcat,13,0.857,3.694,24.291,27.981,3.107,12.763
bcat,14,0.903,3.738,13.830,17.822,1.714,12.018
bcat,15,0.798,3.666,14.046,18.184,2.884,15.241
bcat,16,0.712,3.656,24.083,24.234,2.292,11.699
bcat,17,1.441,3.686,15.577,18.820,1.969,11.365
bcat,18,0.629,3.717,10.928,14.730,1.716,11.554
bcat,19,1.406,3.717,19.353,32.851,3.059,10.982
bcat,20,1.135,3.689,11.548,15.352,2.451,9.780
bcat,21,0.631,3.675,10.691,15.538,2.695,11.604
bcat,22,0.589,3.695,14.175,19.119,3.325,9.815
bcat,23,0.762,3.671,9.663,13.309,1.315,8.695
bcat,24,0.556,3.656,9.114,12.429,2.315,10.228
bcat,25,0.460,3.666,12.007,18.937,1.177,8.959
bcat,26,0.618,3.678,9.520,12.910,2.225,8.556
bcat,27,0.523,3.700,8.586,13.488,2.568,11.112
bcat,28,0.477,3.666,15.223,16.167,1.659,8.871
bcat,29,1.258,3.655,8.748,14.713,2.512,8.629
bcat,30,0.484,3.679,9.146,11.162,1.520,9.182
bcat,31,0.520,3.677,16.249,24.480,2.938,8.062
bcat,32,0.508,3.699,8.123,11.478,0.918,7.484
bcat,33,0.424,3.710,7.926,11.236,1.515,8.986
bcat,34,0.361,3.719,9.251,16.324,1.294,8.716
bcat,35,0.438,3.673,7.026,9.999,0.803,7.027
bcat,36,0.367,3.717,7.900,10.742,1.625,8.560
bcat,37,0.333,3.691,9.005,12.624,0.786,7.368
bcat,38,0.481,3.705,7.326,11.420,0.845,6.904
bcat,39,0.345,3.682,6.965,9.961,1.119,7.458
bcat,40,0.317,3.704,11.527,11.707,0.790,6.860
bcat,41,0.502,3.688,6.580,9.527,0.848,6.642
bcat,42,0.345,3.771,6.921,9.567,1.315,7.214
bcat,43,0.399,3.723,7.267,12.209,1.032,6.605
bcat,44,0.443,3.766,6.591,9.431,1.145,6.471
bcat,45,0.306,3.743,6.568,8.925,1.159,7.482
bcat,46,0.311,3.770,6.831,13.365,0.948,6.667
bcat,47,0.309,3.828,5.938,8.743,0.530,6.256
bcat,48,0.263,3.769,6.361,9.136,0.829,6.797
bcat,49,0.246,3.827,6.394,9.625,0.564,6.222
bcat,50,0.312,3.810,6.126,8.614,0.648,6.266
bcat,51,0.257,3.794,5.799,8.347,0.836,6.280
bcat,52,0.252,3.811,6.556,9.040,0.528,6.139
bcat,53,0.290,3.830,5.794,8.503,0.826,6.015
bcat,54,0.299,3.840,5.788,8.610,0.583,6.307
bcat,55,0.241,3.842,6.602,8.646,0.738,5.953
bcat,56,0.236,3.837,5.654,8.076,0.441,5.979
bcat,57,0.269,3.871,5.543,8.270,0.751,6.090
bcat,58,0.226,3.854,6.008,8.378,0.470,5.891
bcat,59,0.232,3.831,5.525,8.023,0.423,5.845
bcat,60,0.231,3.856,5.427,7.942,0.569,5.915
bcat,61,0.255,3.872,5.565,8.990,0.490,5.870
bcat,62,0.218,3.879,5.548,7.727,0.472,5.804
bcat,63,0.213,3.879,5.394,7.738,0.468,5.812
bcat,64,0.218,3.883,5.384,7.712,0.447,5.771
bcat,65,0.218,3.887,5.424,7.700,0.399,5.772
bcat,66,0.215,3.873,5.455,7.718,0.427,5.795
bcat,67,0.216,3.888,5.251,7.635,0.390,5.736
bcat,68,0.212,3.894,5.310,7.643,0.403,5.740
bcat,69,0.215,3.889,5.228,7.659,0.425,5.731
bcat,70,0.210,3.891,5.229,7.566,0.393,5.710
bcat,71,0.216,3.893,5.264,7.636,0.406,5.718
bcat,72,0.211,3.888,5.179,7.545,0.391,5.701
bcat,73,0.217,3.890,5.241,7.563,0.432,5.713
bcat,74,0.208,3.889,5.228,7.523,0.379,5.698
bcat,75,0.209,3.894,5.232,7.539,0.374,5.715
bcat,76,0.212,3.892,5.210,7.532,0.404,5.700
bcat,77,0.212,3.892,5.191,7.543,0.410,5.699
bcat,78,0.215,3.891,5.204,7.563,0.424,5.704
bcat,79,0.208,3.893,5.175,7.510,0.377,5.692
prose,0,8.361,3.887,100.156,57.298,15.596,46.678
prose,1,4.313,3.893,99.712,53.158,8.294,40.496
prose,2,2.740,3.887,97.258,50.391,5.749,39.049
prose,3,2.111,3.808,41.915,33.906,3.893,29.789
prose,4,1.565,3.791,30.641,28.326,2.669,24.176
prose,5,1.150,3.772,26.369,26.265,2.063,22.469
prose,6,1.037,3.760,23.446,24.642,2.772,20.675
prose,7,0.804,3.755,20.722,22.880,1.848,19.717
prose,8,0.748,3.722,21.703,22.662,1.239,19.284
prose,9,0.785,3.693,18.285,20.777,1.374,17.646
prose,10,0.554,3.666,17.053,19.963,1.233,16.960
prose,11,0.634,3.791,16.507,19.607,1.113,16.317
prose,12,0.522,3.687,16.316,18.987,1.245,15.988
prose,13,0.514,3.845,15.156,18.285,1.047,15.606
prose,14,0.453,3.759,15.005,17.860,0.800,15.124
prose,15,0.514,3.806,14.829,17.549,0.940,14.858
prose,16,0.478,3.859,13.913,17.507,0.974,14.843
prose,17,0.476,3.925,13.660,17.251,0.964,14.555
prose,18,0.492,3.880,13.287,16.586,0.925,14.155
prose,19,0.539,3.859,14.388,16.515,1.189,13.959
prose,20,0.384,3.823,12.999,16.055,0.758,13.567
prose,21,0.477,3.901,12.733,16.182,0.708,13.564
prose,22,0.349,3.928,12.079,15.600,0.836,12.999
prose,23,0.352,3.896,12.113,15.388,0.663,12.969
prose,24,0.387,3.952,11.723,15.437,0.589,12.818
prose,25,0.349,3.988,11.737,15.009,0.640,12.583
prose,26,0.364,3.921,11.456,15.260,0.736,12.605
prose,27,0.331,3.792,11.002,14.813,0.487,12.238
prose,28,0.349,3.773,11.117,14.599,0.578,12.019
prose,29,0.312,3.872,11.016,14.377,0.500,11.978
prose,30,0.293,3.878,10.711,14.331,0.526,11.946
prose,31,0.293,3.948,10.854,14.212,0.557,11.716
prose,32,0.342,3.785,10.289,13.996,0.461,11.700
prose,33,0.297,3.861,10.154,14.007,0.437,11.509
prose,34,0.283,3.867,9.843,13.741,0.579,11.352
prose,35,0.324,3.837,9.792,13.824,0.480,11.465
prose,36,0.279,3.986,9.868,13.560,0.675,11.130
prose,37,0.292,3.736,9.561,13.655,0.466,11.201
prose,38,0.256,3.889,9.335,13.360,0.338,11.004
prose,39,0.247,3.781,9.381,13.342,0.493,10.995
prose,40,0.247,3.869,9.205,13.017,0.395,10.665
prose,41,0.250,3.793,9.082,12.912,0.321,10.715
prose,42,0.251,3.824,8.973,12.810,0.358,10.505
prose,43,0.257,3.862,8.990,12.914,0.385,10.517
prose,44,0.235,3.800,8.797,12.716,0.299,10.363
prose,45,0.238,3.816,8.703,12.732,0.305,10.360
prose,46,0.240,3.838,8.578,12.495,0.339,10.224
prose,47,0.234,3.819,8.526,12.447,0.320,10.253
prose,48,0.231,3.818,8.460,12.403,0.336,10.107
prose,49,0.224,3.794,8.370,12.247,0.310,10.007
prose,50,0.224,3.775,8.307,12.227,0.284,9.976
prose,51,0.221,3.820,8.269,12.161,0.330,9.942
prose,52,0.227,3.797,8.158,12.056,0.328,9.861
prose,53,0.221,3.824,8.128,12.112,0.277,9.859
prose,54,0.220,3.788,8.125,11.982,0.264,9.751
prose,55,0.218,3.777,7.993,11.922,0.287,9.680
prose,56,0.216,3.772,7.938,11.895,0.233,9.645
prose,57,0.215,3.789,7.898,11.787,0.239,9.603
prose,58,0.214,3.765,7.849,11.813,0.271,9.606
prose,59,0.210,3.769,7.840,11.701,0.222,9.512
prose,60,0.212,3.774,7.783,11.671,0.224,9.499
prose,61,0.211,3.755,7.726,11.663,0.245,9.468
prose,62,0.211,3.770,7.702,11.608,0.213,9.452
prose,63,0.211,3.765,7.666,11.599,0.225,9.421
prose,64,0.207,3.767,7.634,11.556,0.224,9.385
prose,65,0.206,3.771,7.615,11.532,0.207,9.363
prose,66,0.207,3.776,7.626,11.511,0.210,9.347
prose,67,0.206,3.773,7.572,11.494,0.204,9.320
prose,68,0.206,3.769,7.560,11.489,0.204,9.318
prose,69,0.204,3.765,7.538,11.458,0.202,9.296
prose,70,0.204,3.771,7.524,11.449,0.201,9.285
prose,71,0.204,3.774,7.519,11.447,0.201,9.280
prose,72,0.204,3.771,7.506,11.440,0.200,9.278
prose,73,0.204,3.768,7.499,11.436,0.199,9.272
prose,74,0.203,3.771,7.491,11.426,0.199,9.257
prose,75,0.204,3.771,7.492,11.420,0.197,9.256
prose,76,0.203,3.770,7.489,11.423,0.197,9.258
prose,77,0.203,3.770,7.485,11.420,0.197,9.255
prose,78,0.203,3.770,7.483,11.421,0.197,9.254
prose,79,0.203,3.770,7.483,11.420,0.197,9.254
